,Article_Id,Article Rank,Time Spent (seconds),Ratings
1,1,2,79,2
2,2,3,75,2
5,5,6,12,1
6,6,7,85,3
8,8,9,35,3
10,10,1,54,2
15,15,6,89,3
16,16,7,15,3
17,17,8,20,1
18,18,9,19,5
20,20,1,29,2
23,23,4,12,5
25,25,6,57,4
27,27,8,16,4
28,28,9,20,4
29,29,10,60,2
31,31,2,50,4
32,32,3,30,2
33,33,4,15,1
37,37,8,42,2
38,38,9,92,4
39,39,10,36,5
44,44,5,41,4
49,49,10,15,4
50,50,1,40,1
51,51,2,65,3
52,52,3,14,1
53,53,4,31,3
57,57,8,60,5
60,60,1,88,4
61,61,2,62,5
64,64,5,83,4
66,66,7,85,1
70,70,1,25,5
71,71,2,21,1
74,74,5,75,5
76,76,7,45,5
81,81,2,21,3
85,85,6,48,1
86,86,7,21,3
93,93,4,80,2
95,95,6,64,5
96,96,7,90,1
97,97,8,88,3
99,99,10,26,3
103,103,4,28,1
105,105,6,16,3
107,107,8,86,3
108,108,9,88,1
109,109,10,49,5
112,112,3,49,1
113,113,4,43,2
114,114,5,64,2
117,117,8,27,1
118,118,9,11,5
120,120,1,53,4
122,122,3,38,3
124,124,5,98,4
126,126,7,81,5
127,127,8,24,4
130,130,1,97,3
134,134,5,61,3
137,137,8,96,5
141,141,2,27,3
143,143,4,27,2
145,145,6,89,3
147,147,8,73,3
148,148,9,55,5
150,150,1,87,1
151,151,2,10,5
152,152,3,43,4
153,153,4,97,3
156,156,7,60,2
157,157,8,50,1
158,158,9,31,2
159,159,10,21,5
160,160,1,94,1
162,162,3,78,5
163,163,4,89,2
164,164,5,24,3
165,165,6,13,2
172,172,3,24,3
175,175,6,49,2
184,184,5,60,4
185,185,6,56,5
186,186,7,85,4
187,187,8,12,4
192,192,3,83,2
193,193,4,12,2
197,197,8,88,3
198,198,9,44,2
201,201,2,45,3
203,203,4,43,3
204,204,5,94,3
207,207,8,58,4
209,209,10,76,4
210,210,1,73,3
212,212,3,23,1
216,216,7,43,5
218,218,9,15,3
219,219,10,44,4
221,221,2,77,1
224,224,5,70,4
227,227,8,90,2
229,229,10,67,3
232,232,3,74,1
233,233,4,93,2
234,234,5,73,1
235,235,6,25,5
239,239,10,39,1
240,240,1,37,5
243,243,4,51,1
245,245,6,55,1
246,246,7,30,2
249,249,10,90,4
250,250,1,85,5
255,255,6,39,5
257,257,8,58,1
261,261,2,13,2
267,267,8,95,4
268,268,9,22,3
269,269,10,19,1
270,270,1,61,2
271,271,2,25,4
272,272,3,63,4
273,273,4,90,1
276,276,7,46,1
281,281,2,80,3
282,282,3,34,5
285,285,6,54,3
288,288,9,93,4
289,289,10,31,1
290,290,1,10,2
291,291,2,61,1
292,292,3,46,1
293,293,4,18,5
294,294,5,45,1
295,295,6,71,4
298,298,9,92,1
301,301,2,81,5
302,302,3,81,3
303,303,4,77,5
306,306,7,86,1
312,312,3,17,3
314,314,5,19,1
318,318,9,89,5
320,320,1,22,4
321,321,2,31,5
323,323,4,37,2
325,325,6,40,5
329,329,10,21,1
330,330,1,25,3
331,331,2,71,3
334,334,5,91,2
335,335,6,48,3
340,340,1,76,2
341,341,2,27,4
345,345,6,65,4
346,346,7,68,5
349,349,10,66,1
350,350,1,86,4
358,358,9,13,1
359,359,10,35,3
361,361,2,49,3
362,362,3,16,4
364,364,5,37,5
365,365,6,84,4
368,368,9,97,1
371,371,2,72,1
372,372,3,31,3
373,373,4,64,4
380,380,1,29,4
383,383,4,84,1
385,385,6,32,3
386,386,7,62,1
387,387,8,95,5
388,388,9,90,3
389,389,10,96,3
390,390,1,33,2
392,392,3,71,1
393,393,4,25,1
397,397,8,72,2
398,398,9,64,3
399,399,10,33,3
404,404,5,96,4
406,406,7,71,4
409,409,10,97,3
411,411,2,30,1
412,412,3,78,3
413,413,4,69,1
414,414,5,73,1
415,415,6,14,2
418,418,9,61,2
420,420,1,51,2
421,421,2,51,2
425,425,6,82,1
426,426,7,18,4
428,428,9,21,3
429,429,10,87,2
431,431,2,20,1
432,432,3,87,3
434,434,5,15,2
435,435,6,38,3
439,439,10,29,4
440,440,1,14,2
442,442,3,99,1
443,443,4,27,1
446,446,7,22,5
448,448,9,81,4
449,449,10,84,1
453,453,4,66,3
454,454,5,42,4
455,455,6,68,1
457,457,8,11,3
459,459,10,22,1
461,461,2,48,3
462,462,3,84,4
463,463,4,43,3
465,465,6,34,3
466,466,7,43,2
470,470,1,49,1
471,471,2,45,5
472,472,3,91,2
473,473,4,72,2
475,475,6,36,2
477,477,8,96,2
480,480,1,80,4
481,481,2,90,2
482,482,3,62,1
485,485,6,79,5
487,487,8,36,3
488,488,9,64,4
489,489,10,61,4
490,490,1,88,2
493,493,4,35,5
494,494,5,26,2
496,496,7,32,2
497,497,8,61,5
499,499,10,89,4
503,503,4,75,2
505,505,6,79,3
506,506,7,90,1
508,508,9,96,3
509,509,10,53,1
510,510,1,16,4
512,512,3,58,1
513,513,4,26,4
515,515,6,71,1
518,518,9,24,3
520,520,1,20,4
522,522,3,56,3
523,523,4,75,3
525,525,6,39,1
527,527,8,14,5
528,528,9,22,4
529,529,10,50,1
535,535,6,59,5
541,541,2,33,3
542,542,3,60,4
543,543,4,99,3
546,546,7,48,3
547,547,8,43,3
548,548,9,80,2
550,550,1,59,4
552,552,3,19,1
556,556,7,88,4
558,558,9,10,5
561,561,2,46,4
562,562,3,55,1
563,563,4,44,1
564,564,5,38,2
565,565,6,35,1
570,570,1,88,2
575,575,6,78,4
576,576,7,22,1
577,577,8,89,4
578,578,9,22,3
579,579,10,17,2
581,581,2,45,5
585,585,6,77,5
586,586,7,86,5
589,589,10,24,2
591,591,2,98,5
596,596,7,19,1
598,598,9,18,3
600,600,1,32,2
601,601,2,34,1
605,605,6,83,1
606,606,7,66,3
607,607,8,98,2
608,608,9,73,3
609,609,10,67,2
611,611,2,97,3
614,614,5,80,1
615,615,6,87,5
616,616,7,15,4
617,617,8,66,5
618,618,9,46,4
619,619,10,36,4
620,620,1,53,1
621,621,2,30,3
622,622,3,44,4
626,626,7,83,4
628,628,9,23,1
629,629,10,70,5
633,633,4,75,3
634,634,5,88,5
635,635,6,59,3
636,636,7,32,2
638,638,9,48,1
641,641,2,48,2
644,644,5,53,4
646,646,7,21,3
647,647,8,53,1
649,649,10,97,4
650,650,1,98,5
651,651,2,78,2
652,652,3,53,4
654,654,5,35,4
657,657,8,58,5
659,659,10,19,1
662,662,3,64,5
665,665,6,59,1
666,666,7,38,1
667,667,8,55,5
669,669,10,31,5
671,671,2,61,2
672,672,3,78,2
673,673,4,37,5
674,674,5,10,1
676,676,7,55,3
677,677,8,61,1
681,681,2,83,1
683,683,4,49,1
684,684,5,39,5
688,688,9,99,2
689,689,10,47,4
693,693,4,77,3
694,694,5,81,3
695,695,6,49,3
696,696,7,85,2
698,698,9,31,4
699,699,10,30,2
700,700,1,22,1
701,701,2,66,1
707,707,8,14,5
708,708,9,64,3
711,711,2,30,3
712,712,3,93,4
715,715,6,97,5
716,716,7,60,2
717,717,8,68,5
720,720,1,66,1
722,722,3,67,3
723,723,4,14,1
725,725,6,92,4
727,727,8,38,1
730,730,1,30,5
731,731,2,78,2
733,733,4,73,3
739,739,10,59,1
743,743,4,16,1
744,744,5,61,2
746,746,7,45,2
750,750,1,14,5
752,752,3,53,4
753,753,4,51,4
754,754,5,90,2
756,756,7,17,2
759,759,10,35,4
760,760,1,51,4
761,761,2,35,5
763,763,4,95,4
764,764,5,85,2
765,765,6,19,5
768,768,9,95,2
770,770,1,22,5
772,772,3,35,2
773,773,4,58,4
776,776,7,52,1
777,777,8,90,4
778,778,9,98,3
779,779,10,43,4
782,782,3,10,4
784,784,5,98,5
785,785,6,35,4
787,787,8,75,2
788,788,9,99,1
790,790,1,69,1
792,792,3,53,1
793,793,4,28,2
797,797,8,50,1
798,798,9,88,2
799,799,10,39,3
802,802,3,55,1
806,806,7,75,3
811,811,2,44,2
812,812,3,89,3
813,813,4,49,5
815,815,6,66,2
821,821,2,10,3
823,823,4,87,1
827,827,8,77,4
830,830,1,31,5
832,832,3,66,4
835,835,6,53,5
837,837,8,27,1
838,838,9,32,4
839,839,10,29,1
840,840,1,96,1
841,841,2,94,1
844,844,5,88,5
848,848,9,79,4
849,849,10,42,4
850,850,1,92,3
851,851,2,69,3
854,854,5,57,1
858,858,9,43,4
859,859,10,16,1
864,864,5,68,4
866,866,7,75,3
867,867,8,47,2
868,868,9,50,5
870,870,1,76,3
871,871,2,93,1
872,872,3,22,3
874,874,5,16,2
876,876,7,22,5
877,877,8,95,5
878,878,9,37,2
881,881,2,53,5
883,883,4,98,4
885,885,6,98,3
888,888,9,85,2
891,891,2,83,4
892,892,3,77,1
893,893,4,30,3
895,895,6,47,5
896,896,7,19,5
897,897,8,25,5
901,901,2,28,2
905,905,6,17,3
906,906,7,12,1
908,908,9,24,1
909,909,10,91,3
911,911,2,72,2
912,912,3,68,4
914,914,5,61,5
916,916,7,59,3
921,921,2,44,3
927,927,8,96,1
934,934,5,43,3
935,935,6,87,4
936,936,7,34,1
941,941,2,77,5
944,944,5,44,3
946,946,7,14,3
950,950,1,80,1
951,951,2,72,4
952,952,3,58,3
953,953,4,48,3
954,954,5,98,4
955,955,6,66,4
957,957,8,81,2
958,958,9,97,1
960,960,1,22,4
961,961,2,42,3
963,963,4,13,5
965,965,6,89,2
968,968,9,36,1
969,969,10,30,1
971,971,2,28,3
973,973,4,35,3
977,977,8,37,2
978,978,9,19,5
979,979,10,44,4
981,981,2,66,1
983,983,4,39,2
984,984,5,55,3
986,986,7,87,4
987,987,8,62,2
990,990,1,64,5
992,992,3,41,5
995,995,6,28,1
996,996,7,59,3
997,997,8,91,3
1001,1001,2,26,5
1002,1002,3,34,2
1005,1005,6,47,4
1006,1006,7,42,5
1007,1007,8,45,4
1009,1009,10,78,2
1010,1010,1,50,4
1014,1014,5,98,3
1017,1017,8,92,4
1018,1018,9,60,4
1020,1020,1,84,1
1021,1021,2,14,1
1022,1022,3,59,5
1025,1025,6,78,1
1027,1027,8,53,2
1030,1030,1,43,3
1035,1035,6,16,2
1037,1037,8,12,4
1038,1038,9,56,5
1043,1043,4,93,4
1046,1046,7,66,2
1052,1052,3,29,3
1055,1055,6,60,1
1056,1056,7,84,5
1065,1065,6,92,2
1066,1066,7,71,5
1068,1068,9,95,4
1069,1069,10,34,5
1071,1071,2,66,1
1073,1073,4,39,3
1074,1074,5,31,4
1075,1075,6,52,4
1077,1077,8,90,3
1078,1078,9,20,1
1079,1079,10,34,2
1082,1082,3,78,1
1083,1083,4,53,5
1084,1084,5,30,2
1085,1085,6,69,5
1086,1086,7,45,4
1087,1087,8,49,3
1088,1088,9,13,2
1092,1092,3,22,1
1093,1093,4,66,4
1094,1094,5,11,2
1098,1098,9,70,5
1101,1101,2,83,5
1104,1104,5,70,4
1107,1107,8,43,1
1108,1108,9,17,2
1113,1113,4,34,5
1114,1114,5,81,1
1115,1115,6,94,3
1120,1120,1,41,4
1121,1121,2,32,2
1123,1123,4,40,3
1125,1125,6,69,2
1126,1126,7,81,2
1129,1129,10,42,1
1130,1130,1,73,1
1132,1132,3,34,4
1136,1136,7,35,4
1141,1141,2,27,2
1142,1142,3,89,5
1143,1143,4,71,4
1144,1144,5,44,1
1151,1151,2,69,5
1153,1153,4,61,4
1155,1155,6,93,3
1159,1159,10,44,2
1160,1160,1,40,5
1164,1164,5,43,3
1165,1165,6,81,5
1166,1166,7,34,3
1167,1167,8,32,2
1169,1169,10,32,5
1170,1170,1,71,5
1174,1174,5,49,3
1176,1176,7,47,5
1177,1177,8,17,4
1180,1180,1,88,5
1183,1183,4,43,1
1185,1185,6,65,1
1187,1187,8,49,1
1193,1193,4,21,2
1194,1194,5,66,2
1195,1195,6,69,2
1196,1196,7,73,3
1197,1197,8,58,2
1199,1199,10,49,5
1201,1201,2,33,5
1202,1202,3,98,4
1206,1206,7,99,3
1207,1207,8,86,1
1210,1210,1,68,3
1212,1212,3,87,5
1213,1213,4,84,1
1218,1218,9,82,4
1219,1219,10,90,2
1220,1220,1,37,3
1223,1223,4,71,1
1226,1226,7,86,4
1228,1228,9,66,3
1229,1229,10,94,2
1233,1233,4,47,1
1234,1234,5,64,5
1237,1237,8,96,5
1238,1238,9,25,4
1239,1239,10,30,1
1240,1240,1,31,1
1242,1242,3,12,1
1249,1249,10,59,2
1250,1250,1,72,1
1252,1252,3,67,2
1255,1255,6,94,4
1257,1257,8,63,4
1258,1258,9,82,2
1264,1264,5,68,5
1265,1265,6,57,1
1267,1267,8,88,1
1272,1272,3,92,3
1273,1273,4,55,4
1274,1274,5,28,3
1276,1276,7,44,2
1279,1279,10,57,5
1283,1283,4,30,3
1284,1284,5,43,3
1286,1286,7,48,4
1288,1288,9,66,5
1292,1292,3,60,2
1293,1293,4,84,4
1294,1294,5,93,5
1295,1295,6,63,3
1296,1296,7,99,3
1299,1299,10,97,3
1300,1300,1,21,1
1301,1301,2,64,3
1302,1302,3,73,5
1305,1305,6,76,2
1306,1306,7,14,1
1308,1308,9,11,1
1309,1309,10,41,5
1310,1310,1,91,1
1311,1311,2,17,2
1316,1316,7,84,3
1318,1318,9,16,2
1320,1320,1,45,1
1325,1325,6,67,5
1326,1326,7,29,2
1328,1328,9,62,1
1331,1331,2,85,2
1333,1333,4,18,2
1335,1335,6,66,3
1337,1337,8,68,4
1338,1338,9,79,1
1339,1339,10,48,1
1343,1343,4,28,2
1344,1344,5,72,4
1346,1346,7,25,3
1347,1347,8,84,1
1348,1348,9,13,3
1354,1354,5,29,1
1355,1355,6,14,3
1357,1357,8,14,1
1358,1358,9,54,2
1361,1361,2,70,1
1362,1362,3,42,4
1364,1364,5,22,2
1365,1365,6,65,1
1367,1367,8,25,2
1368,1368,9,87,5
1369,1369,10,95,2
1372,1372,3,26,5
1375,1375,6,48,5
1376,1376,7,10,5
1377,1377,8,53,3
1378,1378,9,58,3
1379,1379,10,97,4
1381,1381,2,26,2
1382,1382,3,78,4
1383,1383,4,76,5
1384,1384,5,75,2
1385,1385,6,84,2
1386,1386,7,48,5
1387,1387,8,66,5
1389,1389,10,88,5
1390,1390,1,14,1
1391,1391,2,84,1
1393,1393,4,89,3
1394,1394,5,28,1
1396,1396,7,89,5
1397,1397,8,48,3
1400,1400,1,44,4
1402,1402,3,11,2
1403,1403,4,15,5
1404,1404,5,92,3
1407,1407,8,44,4
1410,1410,1,16,4
1411,1411,2,24,4
1412,1412,3,12,3
1413,1413,4,39,3
1414,1414,5,13,4
1422,1422,3,81,3
1423,1423,4,50,3
1424,1424,5,69,1
1425,1425,6,42,2
1432,1432,3,73,5
1434,1434,5,57,2
1435,1435,6,46,4
1436,1436,7,67,2
1440,1440,1,65,2
1443,1443,4,43,1
1445,1445,6,32,4
1447,1447,8,34,5
1451,1451,2,27,4
1452,1452,3,75,5
1453,1453,4,64,4
1454,1454,5,74,3
1457,1457,8,94,2
1459,1459,10,59,2
1460,1460,1,61,1
1463,1463,4,23,5
1466,1466,7,56,3
1468,1468,9,59,2
1471,1471,2,89,5
1473,1473,4,48,2
1476,1476,7,83,4
1478,1478,9,26,5
1479,1479,10,56,2
1482,1482,3,84,4
1483,1483,4,58,4
1484,1484,5,88,3
1489,1489,10,19,4
1490,1490,1,11,1
1491,1491,2,99,4
1494,1494,5,96,2
1496,1496,7,68,5
1497,1497,8,90,3
1498,1498,9,35,2
1499,1499,10,58,1
1500,1500,1,38,2
1501,1501,2,23,2
1502,1502,3,38,1
1507,1507,8,93,5
1508,1508,9,92,3
1513,1513,4,10,4
1514,1514,5,43,1
1515,1515,6,10,3
1517,1517,8,61,5
1518,1518,9,96,3
1519,1519,10,79,1
1520,1520,1,17,5
1521,1521,2,86,1
1526,1526,7,11,4
1527,1527,8,89,5
1528,1528,9,87,4
1530,1530,1,35,4
1533,1533,4,90,1
1534,1534,5,86,4
1535,1535,6,10,2
1536,1536,7,10,1
1537,1537,8,84,3
1540,1540,1,43,5
1541,1541,2,50,5
1543,1543,4,87,2
1544,1544,5,73,4
1545,1545,6,73,2
1549,1549,10,18,5
1550,1550,1,15,1
1553,1553,4,56,2
1555,1555,6,44,5
1556,1556,7,30,4
1557,1557,8,45,2
1558,1558,9,68,3
1559,1559,10,18,5
1560,1560,1,38,1
1562,1562,3,65,4
1563,1563,4,36,5
1565,1565,6,49,1
1568,1568,9,66,1
1570,1570,1,45,5
1572,1572,3,58,5
1573,1573,4,47,4
1575,1575,6,59,5
1576,1576,7,35,4
1580,1580,1,74,3
1581,1581,2,61,5
1583,1583,4,97,1
1586,1586,7,80,4
1587,1587,8,59,3
1589,1589,10,64,5
1590,1590,1,64,1
1591,1591,2,25,5
1592,1592,3,78,4
1595,1595,6,17,2
1597,1597,8,87,2
1601,1601,2,16,4
1602,1602,3,86,5
1605,1605,6,94,3
1606,1606,7,71,4
1607,1607,8,93,5
1611,1611,2,49,3
1612,1612,3,80,2
1613,1613,4,33,1
1614,1614,5,14,5
1616,1616,7,60,4
1617,1617,8,57,3
1618,1618,9,64,3
1622,1622,3,86,1
1623,1623,4,11,5
1624,1624,5,71,4
1626,1626,7,73,3
1627,1627,8,32,2
1628,1628,9,88,1
1629,1629,10,32,5
1630,1630,1,80,1
1631,1631,2,69,5
1637,1637,8,56,1
1640,1640,1,64,3
1642,1642,3,61,3
1643,1643,4,83,5
1644,1644,5,58,2
1646,1646,7,31,2
1647,1647,8,42,1
1648,1648,9,41,5
1650,1650,1,39,3
1654,1654,5,79,4
1658,1658,9,11,4
1659,1659,10,91,1
1660,1660,1,28,5
1662,1662,3,52,4
1665,1665,6,94,3
1667,1667,8,67,3
1668,1668,9,31,3
1671,1671,2,14,3
1672,1672,3,16,3
1675,1675,6,16,4
1676,1676,7,14,1
1677,1677,8,76,5
1678,1678,9,31,2
1679,1679,10,46,1
1682,1682,3,62,1
1684,1684,5,26,1
1685,1685,6,45,5
1686,1686,7,74,1
1687,1687,8,36,4
1689,1689,10,58,2
1690,1690,1,47,1
1694,1694,5,62,1
1695,1695,6,58,3
1696,1696,7,89,2
1701,1701,2,83,5
1702,1702,3,27,1
1704,1704,5,71,3
1705,1705,6,59,3
1706,1706,7,35,4
1708,1708,9,74,5
1709,1709,10,22,1
1710,1710,1,34,4
1718,1718,9,98,2
1719,1719,10,11,1
1722,1722,3,64,3
1725,1725,6,67,5
1727,1727,8,93,5
1731,1731,2,47,1
1732,1732,3,72,3
1734,1734,5,59,4
1735,1735,6,14,5
1737,1737,8,91,1
1739,1739,10,45,3
1740,1740,1,23,1
1741,1741,2,61,5
1742,1742,3,65,5
1745,1745,6,51,2
1746,1746,7,93,5
1748,1748,9,77,5
1751,1751,2,15,2
1756,1756,7,85,2
1764,1764,5,30,1
1768,1768,9,62,3
1769,1769,10,87,1
1770,1770,1,89,3
1771,1771,2,71,1
1774,1774,5,75,3
1775,1775,6,78,2
1779,1779,10,88,1
1781,1781,2,26,5
1782,1782,3,95,1
1786,1786,7,78,1
1788,1788,9,25,2
1789,1789,10,39,3
1790,1790,1,85,2
1792,1792,3,83,4
1794,1794,5,97,1
1796,1796,7,74,3
1797,1797,8,13,5
1799,1799,10,37,5
1800,1800,1,16,4
1801,1801,2,50,5
1802,1802,3,35,2
1803,1803,4,60,3
1804,1804,5,69,2
1805,1805,6,27,4
1806,1806,7,30,3
1807,1807,8,76,4
1809,1809,10,99,5
1810,1810,1,59,4
1812,1812,3,36,1
1813,1813,4,25,1
1816,1816,7,77,4
1817,1817,8,46,3
1818,1818,9,99,1
1820,1820,1,11,5
1824,1824,5,26,1
1825,1825,6,63,1
1827,1827,8,45,1
1836,1836,7,12,3
1838,1838,9,75,2
1839,1839,10,25,4
1842,1842,3,45,1
1843,1843,4,30,4
1844,1844,5,70,4
1845,1845,6,93,1
1846,1846,7,14,3
1848,1848,9,95,3
1849,1849,10,54,1
1850,1850,1,13,1
1851,1851,2,69,2
1854,1854,5,98,3
1855,1855,6,12,3
1856,1856,7,94,1
1857,1857,8,11,5
1859,1859,10,10,1
1865,1865,6,65,5
1866,1866,7,74,4
1867,1867,8,41,1
1871,1871,2,94,1
1872,1872,3,42,5
1873,1873,4,90,2
1874,1874,5,41,2
1879,1879,10,64,3
1883,1883,4,89,2
1886,1886,7,38,1
1888,1888,9,42,2
1890,1890,1,49,3
1894,1894,5,42,5
1897,1897,8,91,2
1900,1900,1,78,3
1901,1901,2,56,3
1902,1902,3,62,3
1903,1903,4,94,2
1904,1904,5,65,2
1911,1911,2,48,3
1912,1912,3,83,3
1917,1917,8,45,2
1919,1919,10,79,4
1921,1921,2,57,2
1923,1923,4,33,4
1924,1924,5,59,4
1925,1925,6,51,1
1926,1926,7,80,4
1928,1928,9,29,2
1929,1929,10,43,2
1930,1930,1,99,3
1931,1931,2,33,2
1932,1932,3,70,2
1934,1934,5,68,5
1939,1939,10,19,3
1940,1940,1,74,3
1943,1943,4,82,5
1944,1944,5,59,3
1946,1946,7,80,1
1951,1951,2,19,4
1957,1957,8,69,2
1959,1959,10,56,5
1961,1961,2,25,3
1963,1963,4,91,3
1964,1964,5,17,4
1966,1966,7,41,4
1967,1967,8,52,5
1968,1968,9,49,5
1969,1969,10,32,3
1970,1970,1,71,3
1973,1973,4,26,4
1975,1975,6,80,1
1977,1977,8,88,3
1978,1978,9,43,1
1979,1979,10,91,4
1980,1980,1,11,4
1981,1981,2,15,5
1982,1982,3,75,5
1983,1983,4,55,4
1984,1984,5,47,2
1985,1985,6,46,4
1986,1986,7,97,3
1987,1987,8,87,5
1991,1991,2,32,2
1994,1994,5,48,3
1995,1995,6,65,1
1997,1997,8,24,5
1998,1998,9,89,5
2000,2000,1,92,1
2001,2001,2,44,4
2003,2003,4,23,3
2004,2004,5,63,3
2009,2009,10,42,3
2010,2010,1,55,2
2013,2013,4,43,5
2015,2015,6,84,2
2019,2019,10,85,2
2020,2020,1,59,2
2021,2021,2,73,4
2022,2022,3,75,1
2025,2025,6,25,4
2027,2027,8,14,3
2030,2030,1,58,1
2034,2034,5,79,1
2035,2035,6,66,3
2039,2039,10,34,3
2045,2045,6,34,5
2049,2049,10,36,1
2050,2050,1,70,2
2051,2051,2,21,4
2052,2052,3,13,4
2053,2053,4,69,1
2054,2054,5,89,4
2056,2056,7,68,4
2057,2057,8,12,3
2058,2058,9,24,2
2059,2059,10,43,3
2060,2060,1,76,4
2063,2063,4,66,1
2064,2064,5,11,2
2065,2065,6,26,2
2069,2069,10,85,2
2071,2071,2,60,4
2073,2073,4,87,1
2074,2074,5,85,1
2079,2079,10,79,2
2081,2081,2,53,5
2082,2082,3,45,5
2083,2083,4,99,5
2084,2084,5,99,3
2086,2086,7,67,5
2087,2087,8,76,4
2088,2088,9,60,3
2095,2095,6,67,2
2097,2097,8,84,2
2099,2099,10,84,1
2101,2101,2,54,4
2103,2103,4,69,1
2104,2104,5,93,3
2105,2105,6,47,5
2108,2108,9,64,3
2110,2110,1,83,5
2112,2112,3,55,5
2113,2113,4,63,5
2116,2116,7,53,3
2118,2118,9,36,3
2119,2119,10,42,5
2126,2126,7,74,4
2127,2127,8,87,4
2130,2130,1,41,5
2132,2132,3,59,5
2133,2133,4,28,4
2134,2134,5,76,1
2136,2136,7,48,1
2138,2138,9,61,4
2139,2139,10,70,3
2140,2140,1,51,5
2145,2145,6,79,4
2146,2146,7,21,2
2147,2147,8,83,5
2149,2149,10,83,4
2150,2150,1,11,3
2153,2153,4,29,1
2154,2154,5,73,3
2155,2155,6,11,2
2156,2156,7,77,5
2158,2158,9,32,4
2159,2159,10,21,1
2160,2160,1,92,1
2161,2161,2,17,2
2166,2166,7,87,2
2167,2167,8,73,5
2168,2168,9,82,1
2169,2169,10,80,2
2170,2170,1,94,4
2174,2174,5,19,1
2175,2175,6,62,5
2176,2176,7,81,2
2178,2178,9,57,4
2180,2180,1,47,5
2182,2182,3,64,2
2183,2183,4,38,2
2186,2186,7,17,5
2187,2187,8,99,2
2188,2188,9,71,1
2189,2189,10,14,5
2190,2190,1,62,4
2191,2191,2,93,5
2196,2196,7,91,3
2198,2198,9,90,5
2200,2200,1,69,4
2204,2204,5,11,4
2206,2206,7,90,1
2207,2207,8,33,5
2208,2208,9,11,3
2212,2212,3,96,1
2213,2213,4,77,2
2216,2216,7,46,4
2218,2218,9,33,2
2219,2219,10,86,1
2220,2220,1,94,2
2221,2221,2,92,1
2222,2222,3,37,2
2224,2224,5,96,5
2226,2226,7,91,3
2229,2229,10,59,3
2231,2231,2,87,5
2232,2232,3,74,3
2234,2234,5,70,5
2236,2236,7,52,5
2238,2238,9,56,5
2240,2240,1,18,2
2241,2241,2,88,1
2242,2242,3,47,1
2244,2244,5,88,3
2247,2247,8,54,5
2249,2249,10,66,3
2251,2251,2,44,5
2253,2253,4,29,5
2254,2254,5,42,4
2256,2256,7,85,4
2258,2258,9,51,3
2260,2260,1,55,2
2265,2265,6,19,2
2268,2268,9,31,3
2269,2269,10,11,3
2271,2271,2,86,3
2272,2272,3,43,1
2275,2275,6,77,4
2277,2277,8,30,4
2278,2278,9,81,5
2281,2281,2,85,2
2282,2282,3,68,3
2283,2283,4,18,5
2285,2285,6,44,5
2286,2286,7,40,4
2289,2289,10,28,4
2292,2292,3,19,4
2293,2293,4,34,1
2300,2300,1,55,1
2301,2301,2,32,4
2302,2302,3,62,1
2303,2303,4,25,2
2305,2305,6,40,4
2308,2308,9,81,2
2311,2311,2,78,4
2312,2312,3,85,1
2316,2316,7,41,1
2319,2319,10,55,2
2322,2322,3,15,1
2324,2324,5,53,1
2325,2325,6,32,2
2328,2328,9,84,3
2330,2330,1,36,4
2331,2331,2,93,2
2332,2332,3,14,3
2333,2333,4,22,5
2339,2339,10,31,1
2341,2341,2,60,3
2345,2345,6,21,1
2346,2346,7,53,1
2353,2353,4,36,1
2357,2357,8,71,4
2358,2358,9,79,1
2360,2360,1,95,5
2361,2361,2,99,4
2362,2362,3,90,1
2363,2363,4,65,4
2365,2365,6,35,3
2366,2366,7,87,1
2368,2368,9,22,3
2370,2370,1,81,3
2371,2371,2,53,4
2372,2372,3,41,5
2373,2373,4,61,2
2374,2374,5,58,1
2375,2375,6,51,3
2377,2377,8,18,3
2379,2379,10,24,4
2382,2382,3,44,2
2390,2390,1,57,1
2391,2391,2,52,2
2395,2395,6,53,2
2397,2397,8,89,3
2398,2398,9,31,3
2400,2400,1,40,4
2407,2407,8,72,5
2408,2408,9,11,5
2409,2409,10,19,2
2411,2411,2,13,2
2414,2414,5,60,3
2417,2417,8,75,4
2418,2418,9,73,1
2420,2420,1,15,1
2423,2423,4,68,3
2428,2428,9,13,5
2429,2429,10,83,3
2432,2432,3,64,5
2434,2434,5,23,4
2440,2440,1,64,4
2442,2442,3,75,2
2446,2446,7,25,2
2452,2452,3,20,3
2453,2453,4,86,4
2454,2454,5,55,3
2455,2455,6,41,2
2458,2458,9,53,3
2459,2459,10,89,2
2465,2465,6,59,4
2467,2467,8,32,3
2470,2470,1,54,5
2474,2474,5,53,5
2475,2475,6,20,5
2476,2476,7,75,1
2478,2478,9,17,4
2482,2482,3,89,2
2487,2487,8,99,2
2490,2490,1,79,4
2491,2491,2,24,5
2493,2493,4,78,3
2495,2495,6,19,3
2496,2496,7,21,3
2497,2497,8,84,2
2498,2498,9,23,5
2499,2499,10,32,4
2500,2500,1,12,1
2503,2503,4,35,2
2507,2507,8,34,3
2508,2508,9,26,2
2514,2514,5,24,3
2516,2516,7,42,3
2517,2517,8,98,5
2518,2518,9,90,1
2522,2522,3,76,2
2525,2525,6,23,4
2527,2527,8,86,3
2528,2528,9,74,3
2529,2529,10,32,1
2530,2530,1,63,3
2534,2534,5,39,4
2536,2536,7,30,5
2537,2537,8,59,4
2538,2538,9,38,1
2541,2541,2,16,2
2543,2543,4,48,4
2545,2545,6,58,1
2546,2546,7,67,3
2549,2549,10,81,2
2550,2550,1,74,4
2553,2553,4,69,5
2555,2555,6,13,2
2556,2556,7,42,2
2558,2558,9,69,1
2559,2559,10,43,2
2561,2561,2,79,2
2563,2563,4,98,4
2565,2565,6,12,5
2566,2566,7,45,2
2567,2567,8,50,3
2569,2569,10,72,3
2571,2571,2,92,5
2572,2572,3,34,5
2575,2575,6,37,2
2576,2576,7,29,3
2578,2578,9,82,4
2579,2579,10,37,2
2581,2581,2,11,5
2582,2582,3,65,5
2583,2583,4,53,5
2585,2585,6,86,2
2587,2587,8,97,3
2588,2588,9,58,1
2591,2591,2,16,4
2593,2593,4,91,2
2594,2594,5,80,5
2595,2595,6,88,2
2596,2596,7,42,5
2601,2601,2,49,3
2603,2603,4,74,5
2607,2607,8,42,5
2609,2609,10,91,2
2610,2610,1,13,3
2611,2611,2,30,5
2614,2614,5,15,1
2615,2615,6,87,2
2617,2617,8,65,4
2618,2618,9,49,4
2619,2619,10,18,5
2620,2620,1,28,4
2621,2621,2,42,3
2622,2622,3,13,2
2623,2623,4,90,4
2626,2626,7,65,2
2629,2629,10,11,5
2631,2631,2,42,2
2634,2634,5,50,1
2637,2637,8,44,5
2638,2638,9,84,4
2639,2639,10,67,3
2640,2640,1,86,1
2641,2641,2,12,4
2642,2642,3,74,2
2645,2645,6,47,5
2646,2646,7,12,4
2651,2651,2,78,3
2653,2653,4,66,1
2655,2655,6,24,1
2656,2656,7,19,3
2659,2659,10,78,3
2660,2660,1,54,1
2661,2661,2,27,1
2663,2663,4,85,2
2664,2664,5,83,2
2665,2665,6,54,1
2667,2667,8,70,3
2668,2668,9,45,1
2669,2669,10,18,3
2671,2671,2,57,1
2673,2673,4,53,4
2674,2674,5,77,5
2675,2675,6,77,3
2678,2678,9,53,4
2681,2681,2,52,3
2684,2684,5,65,4
2685,2685,6,42,1
2687,2687,8,84,3
2688,2688,9,30,2
2690,2690,1,69,4
2692,2692,3,96,3
2693,2693,4,44,4
2695,2695,6,34,4
2698,2698,9,27,1
2699,2699,10,40,1
2700,2700,1,58,1
2703,2703,4,89,1
2704,2704,5,58,1
2708,2708,9,28,2
2709,2709,10,69,2
2710,2710,1,26,5
2713,2713,4,97,5
2714,2714,5,94,1
2715,2715,6,93,5
2719,2719,10,25,3
2720,2720,1,72,5
2725,2725,6,81,2
2726,2726,7,65,2
2727,2727,8,22,4
2730,2730,1,29,5
2731,2731,2,72,5
2734,2734,5,11,5
2738,2738,9,30,5
2740,2740,1,77,3
2742,2742,3,72,3
2745,2745,6,25,1
2747,2747,8,27,3
2748,2748,9,54,4
2750,2750,1,69,1
2754,2754,5,42,5
2755,2755,6,27,2
2757,2757,8,60,2
2758,2758,9,80,4
2760,2760,1,10,3
2763,2763,4,66,5
2766,2766,7,21,4
2767,2767,8,70,4
2769,2769,10,91,3
2772,2772,3,31,2
2773,2773,4,90,2
2776,2776,7,37,4
2777,2777,8,37,4
2778,2778,9,39,4
2780,2780,1,76,4
2781,2781,2,22,4
2782,2782,3,41,2
2785,2785,6,93,3
2787,2787,8,74,4
2788,2788,9,22,4
2789,2789,10,17,1
2790,2790,1,83,3
2791,2791,2,54,2
2793,2793,4,88,2
2794,2794,5,78,4
2797,2797,8,63,1
2798,2798,9,25,3
2799,2799,10,77,3
2801,2801,2,52,5
2803,2803,4,12,1
2804,2804,5,48,2
2810,2810,1,58,5
2815,2815,6,36,1
2818,2818,9,30,5
2819,2819,10,44,5
2820,2820,1,90,2
2824,2824,5,47,4
2826,2826,7,91,1
2828,2828,9,99,3
2831,2831,2,39,1
2832,2832,3,20,1
2834,2834,5,29,4
2835,2835,6,25,1
2837,2837,8,54,5
2840,2840,1,35,3
2841,2841,2,20,4
2842,2842,3,88,4
2844,2844,5,55,4
2847,2847,8,80,3
2848,2848,9,39,4
2849,2849,10,38,5
2850,2850,1,55,4
2851,2851,2,50,3
2853,2853,4,38,1
2857,2857,8,93,5
2858,2858,9,24,4
2862,2862,3,10,3
2863,2863,4,38,5
2865,2865,6,61,1
2866,2866,7,72,4
2867,2867,8,63,3
2868,2868,9,88,1
2873,2873,4,57,4
2875,2875,6,62,2
2879,2879,10,95,5
2881,2881,2,62,4
2885,2885,6,56,5
2887,2887,8,92,2
2888,2888,9,92,3
2889,2889,10,73,4
2892,2892,3,45,1
2893,2893,4,29,2
2894,2894,5,58,4
2896,2896,7,75,5
2897,2897,8,28,1
2907,2907,8,94,5
2908,2908,9,43,4
2910,2910,1,69,3
2913,2913,4,95,5
2915,2915,6,58,1
2920,2920,1,64,4
2924,2924,5,52,3
2925,2925,6,58,4
2926,2926,7,80,3
2927,2927,8,35,3
2929,2929,10,93,4
2930,2930,1,71,5
2931,2931,2,81,2
2932,2932,3,13,2
2933,2933,4,61,5
2934,2934,5,61,4
2938,2938,9,89,4
2939,2939,10,62,3
2940,2940,1,91,3
2941,2941,2,65,2
2943,2943,4,64,4
2944,2944,5,81,5
2948,2948,9,13,2
2955,2955,6,60,4
2957,2957,8,80,3
2958,2958,9,26,2
2960,2960,1,10,1
2961,2961,2,68,5
2962,2962,3,65,2
2963,2963,4,32,4
2964,2964,5,31,1
2965,2965,6,18,2
2966,2966,7,44,5
2967,2967,8,81,2
2969,2969,10,17,4
2972,2972,3,54,5
2973,2973,4,84,3
2975,2975,6,75,5
2978,2978,9,75,5
2981,2981,2,37,4
2982,2982,3,14,1
2984,2984,5,22,2
2985,2985,6,83,4
2986,2986,7,78,5
2989,2989,10,34,3
2991,2991,2,37,2
2992,2992,3,21,1
2993,2993,4,58,3
2994,2994,5,72,2
2995,2995,6,62,1
2998,2998,9,64,3
2999,2999,10,44,3
3000,3000,1,16,3
3001,3001,2,32,5
3002,3002,3,89,5
3008,3008,9,30,5
3011,3011,2,46,5
3012,3012,3,40,4
3013,3013,4,26,3
3016,3016,7,12,4
3018,3018,9,54,3
3019,3019,10,99,2
3021,3021,2,33,1
3023,3023,4,27,1
3024,3024,5,82,2
3025,3025,6,98,1
3026,3026,7,42,3
3027,3027,8,99,2
3030,3030,1,58,2
3031,3031,2,69,1
3032,3032,3,77,4
3033,3033,4,83,4
3035,3035,6,35,5
3037,3037,8,13,1
3041,3041,2,11,2
3042,3042,3,82,5
3045,3045,6,54,1
3047,3047,8,36,3
3048,3048,9,33,2
3049,3049,10,67,2
3055,3055,6,23,2
3058,3058,9,67,5
3059,3059,10,10,4
3061,3061,2,88,5
3064,3064,5,89,4
3068,3068,9,95,1
3070,3070,1,31,2
3071,3071,2,88,1
3073,3073,4,79,3
3080,3080,1,31,2
3083,3083,4,82,3
3085,3085,6,69,2
3088,3088,9,89,2
3092,3092,3,85,3
3093,3093,4,76,3
3095,3095,6,92,3
3096,3096,7,77,5
3097,3097,8,49,4
3098,3098,9,94,5
3100,3100,1,28,1
3101,3101,2,39,3
3102,3102,3,82,5
3103,3103,4,93,5
3106,3106,7,12,1
3111,3111,2,69,2
3112,3112,3,73,5
3113,3113,4,10,3
3115,3115,6,98,1
3116,3116,7,13,2
3118,3118,9,58,3
3119,3119,10,96,5
3120,3120,1,41,3
3121,3121,2,19,1
3122,3122,3,68,4
3123,3123,4,12,3
3126,3126,7,51,3
3129,3129,10,68,3
3132,3132,3,17,3
3134,3134,5,17,5
3135,3135,6,46,3
3138,3138,9,71,4
3139,3139,10,30,3
3141,3141,2,26,5
3142,3142,3,67,5
3144,3144,5,39,3
3145,3145,6,26,1
3148,3148,9,38,5
3149,3149,10,79,4
3151,3151,2,16,2
3152,3152,3,89,3
3154,3154,5,92,3
3156,3156,7,78,5
3161,3161,2,78,2
3163,3163,4,91,2
3164,3164,5,56,2
3165,3165,6,68,2
3166,3166,7,44,3
3169,3169,10,92,4
3170,3170,1,40,1
3171,3171,2,43,5
3177,3177,8,32,4
3181,3181,2,54,4
3183,3183,4,35,3
3184,3184,5,76,3
3185,3185,6,50,5
3192,3192,3,78,1
3193,3193,4,84,4
3195,3195,6,99,1
3198,3198,9,41,2
3202,3202,3,42,5
3205,3205,6,40,3
3206,3206,7,38,3
3208,3208,9,17,3
3210,3210,1,75,1
3211,3211,2,85,1
3213,3213,4,27,5
3215,3215,6,26,1
3217,3217,8,15,5
3218,3218,9,33,3
3221,3221,2,32,5
3222,3222,3,97,2
3225,3225,6,39,5
3226,3226,7,26,2
3227,3227,8,64,1
3229,3229,10,98,2
3230,3230,1,75,5
3231,3231,2,56,1
3234,3234,5,92,4
3235,3235,6,51,5
3236,3236,7,35,5
3237,3237,8,39,4
3238,3238,9,63,4
3243,3243,4,78,2
3244,3244,5,10,4
3245,3245,6,39,3
3246,3246,7,26,1
3249,3249,10,27,4
3251,3251,2,43,1
3255,3255,6,98,5
3256,3256,7,29,4
3258,3258,9,61,3
3260,3260,1,98,3
3261,3261,2,16,4
3263,3263,4,32,1
3266,3266,7,12,3
3267,3267,8,56,4
3268,3268,9,29,4
3271,3271,2,50,5
3274,3274,5,87,1
3275,3275,6,62,3
3276,3276,7,54,2
3278,3278,9,21,1
3280,3280,1,74,1
3281,3281,2,78,2
3282,3282,3,56,2
3283,3283,4,70,4
3284,3284,5,54,1
3286,3286,7,63,5
3287,3287,8,90,4
3289,3289,10,56,3
3293,3293,4,99,4
3294,3294,5,23,5
3298,3298,9,27,2
3299,3299,10,15,4
3300,3300,1,75,4
3301,3301,2,39,4
3303,3303,4,21,3
3305,3305,6,19,5
3307,3307,8,21,5
3310,3310,1,17,3
3311,3311,2,82,4
3315,3315,6,84,4
3318,3318,9,32,4
3319,3319,10,10,3
3322,3322,3,39,2
3323,3323,4,72,5
3324,3324,5,50,1
3326,3326,7,88,1
3328,3328,9,93,4
3333,3333,4,84,4
3334,3334,5,65,3
3335,3335,6,63,4
3338,3338,9,10,4
3339,3339,10,74,1
3341,3341,2,89,1
3342,3342,3,66,2
3343,3343,4,76,4
3348,3348,9,47,2
3349,3349,10,71,2
3350,3350,1,89,5
3351,3351,2,92,4
3352,3352,3,53,3
3354,3354,5,73,5
3356,3356,7,29,4
3358,3358,9,86,4
3360,3360,1,18,5
3361,3361,2,74,5
3362,3362,3,84,3
3363,3363,4,48,4
3364,3364,5,25,2
3366,3366,7,93,1
3367,3367,8,89,3
3371,3371,2,92,1
3373,3373,4,61,5
3374,3374,5,43,5
3377,3377,8,77,2
3379,3379,10,36,4
3380,3380,1,93,5
3382,3382,3,77,4
3383,3383,4,66,2
3386,3386,7,37,2
3387,3387,8,66,3
3388,3388,9,73,2
3389,3389,10,73,1
3391,3391,2,23,1
3394,3394,5,33,2
3395,3395,6,12,4
3401,3401,2,59,3
3403,3403,4,75,2
3405,3405,6,52,1
3406,3406,7,70,1
3409,3409,10,67,3
3418,3418,9,19,5
3419,3419,10,19,4
3424,3424,5,48,5
3425,3425,6,36,5
3430,3430,1,80,1
3431,3431,2,37,4
3433,3433,4,87,2
3434,3434,5,48,2
3435,3435,6,98,2
3436,3436,7,90,5
3439,3439,10,34,1
3440,3440,1,24,5
3441,3441,2,96,2
3443,3443,4,90,4
3447,3447,8,70,2
3453,3453,4,76,5
3456,3456,7,39,3
3457,3457,8,47,1
3458,3458,9,13,2
3459,3459,10,33,3
3460,3460,1,33,2
3463,3463,4,46,5
3464,3464,5,53,3
3465,3465,6,28,4
3466,3466,7,13,3
3468,3468,9,70,4
3469,3469,10,76,5
3472,3472,3,60,2
3473,3473,4,75,2
3474,3474,5,21,4
3478,3478,9,85,1
3479,3479,10,43,1
3483,3483,4,15,4
3486,3486,7,13,1
3487,3487,8,24,3
3488,3488,9,18,5
3493,3493,4,48,3
3494,3494,5,43,3
3495,3495,6,58,3
3496,3496,7,61,3
3499,3499,10,61,1
3500,3500,1,57,4
3501,3501,2,48,4
3503,3503,4,38,5
3504,3504,5,80,3
3510,3510,1,36,4
3511,3511,2,90,3
3514,3514,5,73,1
3515,3515,6,27,4
3516,3516,7,66,5
3517,3517,8,15,3
3518,3518,9,48,2
3520,3520,1,11,4
3521,3521,2,41,4
3523,3523,4,77,3
3524,3524,5,62,4
3525,3525,6,50,5
3528,3528,9,39,5
3531,3531,2,12,1
3532,3532,3,32,5
3533,3533,4,70,4
3534,3534,5,23,5
3539,3539,10,65,2
3540,3540,1,60,1
3541,3541,2,70,3
3543,3543,4,32,4
3544,3544,5,24,4
3546,3546,7,63,2
3548,3548,9,88,3
3549,3549,10,19,4
3552,3552,3,51,2
3553,3553,4,73,3
3555,3555,6,14,3
3558,3558,9,78,5
3559,3559,10,55,4
3562,3562,3,72,2
3565,3565,6,15,2
3569,3569,10,73,1
3570,3570,1,20,3
3571,3571,2,45,3
3572,3572,3,25,3
3573,3573,4,20,2
3575,3575,6,28,4
3576,3576,7,35,1
3578,3578,9,10,2
3579,3579,10,97,4
3581,3581,2,78,1
3582,3582,3,81,3
3584,3584,5,52,5
3587,3587,8,60,4
3594,3594,5,62,1
3598,3598,9,88,4
3599,3599,10,63,4
3600,3600,1,71,3
3601,3601,2,72,4
3602,3602,3,30,3
3604,3604,5,24,3
3605,3605,6,18,1
3608,3608,9,63,5
3609,3609,10,84,4
3610,3610,1,15,3
3612,3612,3,99,5
3613,3613,4,34,3
3615,3615,6,58,4
3616,3616,7,15,4
3617,3617,8,90,4
3618,3618,9,69,4
3619,3619,10,54,2
3621,3621,2,89,1
3623,3623,4,37,5
3624,3624,5,35,5
3626,3626,7,51,1
3627,3627,8,29,1
3630,3630,1,34,1
3632,3632,3,25,2
3634,3634,5,96,4
3637,3637,8,67,3
3639,3639,10,47,1
3643,3643,4,69,1
3647,3647,8,48,5
3649,3649,10,41,3
3650,3650,1,63,3
3651,3651,2,56,3
3653,3653,4,50,5
3656,3656,7,16,2
3658,3658,9,36,5
3659,3659,10,73,2
3661,3661,2,72,2
3664,3664,5,39,1
3665,3665,6,67,4
3666,3666,7,73,3
3671,3671,2,98,4
3672,3672,3,97,4
3674,3674,5,71,4
3675,3675,6,45,2
3676,3676,7,74,4
3677,3677,8,18,4
3678,3678,9,92,5
3679,3679,10,35,1
3683,3683,4,64,1
3684,3684,5,72,4
3686,3686,7,99,2
3688,3688,9,58,4
3689,3689,10,22,1
3691,3691,2,88,2
3692,3692,3,48,4
3695,3695,6,88,5
3698,3698,9,64,1
3702,3702,3,86,3
3703,3703,4,19,1
3704,3704,5,44,5
3705,3705,6,31,1
3706,3706,7,75,3
3708,3708,9,69,1
3711,3711,2,57,3
3712,3712,3,74,4
3714,3714,5,83,2
3716,3716,7,30,4
3718,3718,9,84,3
3720,3720,1,71,3
3721,3721,2,52,3
3723,3723,4,83,5
3724,3724,5,38,1
3725,3725,6,53,2
3728,3728,9,72,1
3730,3730,1,42,4
3731,3731,2,69,4
3732,3732,3,67,4
3733,3733,4,51,1
3738,3738,9,29,1
3739,3739,10,58,4
3740,3740,1,49,4
3743,3743,4,66,1
3744,3744,5,61,1
3745,3745,6,37,1
3748,3748,9,78,1
3750,3750,1,18,5
3751,3751,2,68,1
3753,3753,4,31,1
3754,3754,5,11,4
3758,3758,9,77,5
3759,3759,10,36,1
3761,3761,2,35,4
3767,3767,8,98,1
3768,3768,9,44,5
3769,3769,10,46,1
3770,3770,1,62,2
3772,3772,3,61,5
3774,3774,5,24,1
3775,3775,6,57,5
3776,3776,7,13,4
3781,3781,2,59,4
3782,3782,3,56,2
3784,3784,5,16,3
3785,3785,6,10,2
3787,3787,8,92,4
3789,3789,10,91,2
3790,3790,1,15,3
3793,3793,4,63,1
3795,3795,6,12,2
3796,3796,7,59,2
3797,3797,8,83,5
3798,3798,9,65,1
3799,3799,10,38,1
3802,3802,3,59,1
3804,3804,5,21,2
3805,3805,6,18,4
3807,3807,8,16,4
3809,3809,10,63,1
3812,3812,3,64,3
3813,3813,4,36,4
3814,3814,5,24,1
3816,3816,7,46,3
3817,3817,8,74,2
3820,3820,1,99,1
3821,3821,2,49,2
3822,3822,3,32,3
3825,3825,6,12,2
3828,3828,9,69,5
3829,3829,10,84,4
3831,3831,2,76,2
3834,3834,5,97,1
3836,3836,7,50,5
3838,3838,9,89,1
3839,3839,10,35,2
3843,3843,4,83,4
3845,3845,6,43,5
3846,3846,7,24,5
3848,3848,9,10,2
3850,3850,1,28,2
3852,3852,3,55,2
3856,3856,7,37,3
3857,3857,8,52,1
3859,3859,10,68,3
3862,3862,3,81,5
3864,3864,5,80,3
3865,3865,6,65,1
3866,3866,7,41,4
3868,3868,9,15,5
3869,3869,10,67,5
3870,3870,1,72,1
3871,3871,2,66,4
3872,3872,3,48,4
3878,3878,9,25,2
3880,3880,1,62,5
3881,3881,2,61,5
3885,3885,6,57,1
3887,3887,8,44,2
3888,3888,9,20,4
3889,3889,10,29,5
3890,3890,1,93,1
3893,3893,4,47,2
3894,3894,5,88,4
3895,3895,6,68,3
3899,3899,10,57,3
3900,3900,1,45,4
3901,3901,2,55,2
3902,3902,3,13,3
3904,3904,5,36,1
3905,3905,6,78,1
3906,3906,7,48,2
3907,3907,8,76,2
3911,3911,2,69,1
3914,3914,5,88,2
3915,3915,6,73,3
3916,3916,7,89,3
3917,3917,8,29,1
3920,3920,1,80,4
3921,3921,2,93,5
3925,3925,6,30,3
3926,3926,7,37,1
3933,3933,4,69,2
3934,3934,5,86,2
3936,3936,7,40,5
3937,3937,8,29,2
3938,3938,9,43,5
3939,3939,10,61,4
3940,3940,1,45,4
3943,3943,4,21,2
3944,3944,5,45,1
3947,3947,8,47,3
3948,3948,9,98,3
3949,3949,10,15,1
3952,3952,3,23,4
3956,3956,7,22,1
3957,3957,8,47,2
3958,3958,9,93,2
3960,3960,1,98,3
3964,3964,5,66,3
3965,3965,6,26,5
3966,3966,7,97,4
3968,3968,9,31,2
3969,3969,10,42,2
3970,3970,1,99,5
3972,3972,3,45,4
3976,3976,7,63,5
3977,3977,8,23,2
3978,3978,9,38,3
3980,3980,1,47,5
3984,3984,5,76,4
3988,3988,9,82,3
3990,3990,1,50,3
3993,3993,4,14,2
3994,3994,5,45,5
3995,3995,6,10,3
3996,3996,7,33,4
3998,3998,9,57,1
4000,4000,1,67,3
4001,4001,2,28,3
4002,4002,3,41,2
4004,4004,5,43,2
4007,4007,8,61,5
4008,4008,9,63,4
4009,4009,10,59,4
4012,4012,3,82,1
4021,4021,2,86,3
4024,4024,5,56,5
4025,4025,6,95,2
4026,4026,7,16,2
4027,4027,8,71,2
4033,4033,4,50,5
4035,4035,6,64,4
4037,4037,8,42,4
4038,4038,9,73,4
4046,4046,7,96,1
4048,4048,9,52,1
4052,4052,3,83,3
4055,4055,6,59,1
4056,4056,7,76,2
4061,4061,2,10,5
4062,4062,3,98,4
4064,4064,5,37,5
4065,4065,6,95,1
4067,4067,8,93,2
4070,4070,1,33,2
4071,4071,2,50,1
4072,4072,3,69,3
4074,4074,5,16,3
4076,4076,7,34,4
4079,4079,10,20,3
4082,4082,3,99,3
4083,4083,4,18,3
4084,4084,5,36,5
4088,4088,9,70,4
4090,4090,1,78,2
4091,4091,2,84,2
4093,4093,4,17,1
4094,4094,5,11,3
4096,4096,7,62,4
4099,4099,10,51,2
4100,4100,1,11,1
4102,4102,3,79,1
4108,4108,9,99,4
4111,4111,2,23,1
4112,4112,3,66,3
4113,4113,4,65,3
4115,4115,6,84,4
4117,4117,8,77,2
4118,4118,9,39,4
4124,4124,5,15,1
4125,4125,6,62,1
4128,4128,9,63,2
4130,4130,1,10,1
4138,4138,9,63,2
4140,4140,1,21,1
4143,4143,4,19,4
4145,4145,6,63,5
4147,4147,8,80,1
4151,4151,2,24,2
4154,4154,5,43,3
4155,4155,6,86,1
4157,4157,8,24,2
4158,4158,9,21,3
4162,4162,3,40,5
4166,4166,7,53,1
4167,4167,8,58,1
4168,4168,9,24,2
4170,4170,1,59,4
4171,4171,2,18,2
4172,4172,3,51,3
4173,4173,4,88,2
4175,4175,6,38,1
4176,4176,7,23,3
4178,4178,9,96,4
4179,4179,10,81,3
4183,4183,4,93,5
4184,4184,5,30,4
4185,4185,6,33,5
4186,4186,7,97,1
4187,4187,8,65,1
4188,4188,9,55,4
4191,4191,2,71,5
4193,4193,4,99,4
4196,4196,7,35,3
4199,4199,10,28,1
4200,4200,1,58,3
4202,4202,3,77,1
4206,4206,7,96,5
4208,4208,9,53,2
4209,4209,10,19,2
4210,4210,1,51,1
4211,4211,2,90,1
4213,4213,4,21,5
4214,4214,5,21,5
4217,4217,8,93,4
4221,4221,2,56,3
4222,4222,3,74,1
4226,4226,7,99,4
4227,4227,8,95,1
4228,4228,9,38,3
4229,4229,10,42,2
4230,4230,1,73,2
4231,4231,2,66,2
4233,4233,4,95,4
4235,4235,6,65,2
4236,4236,7,93,5
4238,4238,9,41,4
4240,4240,1,21,4
4243,4243,4,98,4
4244,4244,5,62,2
4247,4247,8,84,2
4248,4248,9,54,2
4249,4249,10,23,4
4251,4251,2,21,1
4254,4254,5,63,2
4255,4255,6,29,2
4259,4259,10,45,2
4261,4261,2,59,1
4262,4262,3,58,4
4263,4263,4,89,2
4264,4264,5,18,1
4265,4265,6,82,5
4268,4268,9,63,3
4269,4269,10,80,5
4270,4270,1,30,1
4271,4271,2,92,1
4273,4273,4,80,5
4274,4274,5,19,1
4278,4278,9,23,3
4282,4282,3,42,5
4284,4284,5,19,4
4289,4289,10,74,5
4291,4291,2,37,4
4294,4294,5,27,3
4296,4296,7,68,4
4298,4298,9,46,5
4299,4299,10,14,4
4305,4305,6,49,3
4310,4310,1,84,3
4316,4316,7,45,4
4318,4318,9,23,2
4320,4320,1,81,2
4321,4321,2,30,4
4322,4322,3,74,4
4323,4323,4,40,4
4324,4324,5,49,3
4328,4328,9,56,1
4329,4329,10,47,4
4331,4331,2,28,3
4334,4334,5,51,3
4335,4335,6,25,1
4337,4337,8,84,2
4338,4338,9,28,2
4341,4341,2,82,1
4342,4342,3,50,1
4343,4343,4,18,2
4345,4345,6,71,5
4347,4347,8,55,4
4349,4349,10,51,3
4353,4353,4,46,5
4359,4359,10,87,4
4360,4360,1,43,5
4361,4361,2,47,2
4363,4363,4,97,2
4364,4364,5,82,2
4366,4366,7,73,4
4371,4371,2,55,2
4372,4372,3,49,1
4375,4375,6,36,5
4376,4376,7,84,3
4378,4378,9,73,1
4382,4382,3,47,1
4384,4384,5,44,5
4387,4387,8,10,4
4391,4391,2,86,5
4394,4394,5,42,5
4395,4395,6,21,2
4397,4397,8,68,4
4398,4398,9,49,1
4399,4399,10,68,3
4403,4403,4,46,5
4404,4404,5,99,2
4406,4406,7,81,3
4410,4410,1,29,5
4411,4411,2,32,3
4412,4412,3,69,5
4413,4413,4,86,3
4417,4417,8,74,3
4418,4418,9,81,4
4419,4419,10,54,3
4423,4423,4,33,1
4424,4424,5,78,5
4426,4426,7,37,4
4429,4429,10,93,5
4430,4430,1,98,4
4434,4434,5,52,5
4435,4435,6,79,2
4436,4436,7,56,5
4438,4438,9,61,3
4440,4440,1,23,5
4442,4442,3,14,4
4443,4443,4,75,1
4444,4444,5,70,4
4445,4445,6,98,1
4446,4446,7,77,5
4447,4447,8,97,1
4448,4448,9,49,5
4449,4449,10,72,4
4454,4454,5,16,4
4458,4458,9,88,5
4460,4460,1,99,1
4462,4462,3,11,5
4463,4463,4,27,4
4465,4465,6,49,5
4468,4468,9,11,5
4469,4469,10,42,5
4470,4470,1,11,3
4471,4471,2,37,2
4473,4473,4,54,5
4474,4474,5,40,5
4475,4475,6,94,4
4476,4476,7,63,1
4479,4479,10,42,1
4480,4480,1,18,3
4481,4481,2,50,2
4482,4482,3,19,2
4484,4484,5,92,5
4485,4485,6,32,3
4486,4486,7,87,3
4488,4488,9,89,2
4489,4489,10,41,5
4490,4490,1,76,2
4491,4491,2,55,5
4492,4492,3,11,1
4493,4493,4,76,4
4494,4494,5,74,4
4495,4495,6,69,2
4496,4496,7,15,3
4497,4497,8,44,2
4498,4498,9,17,5
4500,4500,1,68,1
4504,4504,5,74,4
4505,4505,6,27,3
4506,4506,7,53,1
4507,4507,8,46,2
4509,4509,10,13,3
4510,4510,1,18,1
4511,4511,2,91,1
4517,4517,8,91,3
4518,4518,9,45,3
4519,4519,10,62,2
4520,4520,1,46,2
4522,4522,3,89,3
4523,4523,4,37,4
4524,4524,5,99,4
4526,4526,7,16,4
4527,4527,8,48,2
4528,4528,9,27,3
4530,4530,1,80,3
4532,4532,3,39,5
4534,4534,5,69,5
4536,4536,7,74,4
4539,4539,10,81,5
4540,4540,1,78,5
4541,4541,2,50,2
4543,4543,4,89,4
4544,4544,5,51,1
4547,4547,8,17,5
4548,4548,9,74,3
4553,4553,4,58,5
4554,4554,5,15,1
4555,4555,6,26,4
4557,4557,8,84,3
4559,4559,10,10,1
4560,4560,1,64,1
4561,4561,2,17,1
4563,4563,4,27,5
4565,4565,6,63,3
4568,4568,9,12,2
4569,4569,10,16,4
4571,4571,2,98,5
4572,4572,3,17,4
4573,4573,4,70,1
4575,4575,6,55,1
4579,4579,10,48,3
4580,4580,1,92,3
4581,4581,2,39,3
4582,4582,3,36,3
4584,4584,5,77,3
4586,4586,7,74,5
4587,4587,8,98,5
4594,4594,5,77,3
4595,4595,6,42,1
4596,4596,7,94,1
4598,4598,9,17,2
4601,4601,2,37,4
4603,4603,4,43,4
4606,4606,7,99,4
4607,4607,8,75,5
4614,4614,5,70,2
4616,4616,7,88,3
4620,4620,1,77,5
4622,4622,3,90,2
4624,4624,5,28,4
4625,4625,6,20,3
4627,4627,8,59,5
4630,4630,1,10,1
4637,4637,8,13,2
4639,4639,10,55,1
4641,4641,2,51,2
4646,4646,7,41,4
4648,4648,9,42,3
4649,4649,10,87,3
4652,4652,3,79,3
4653,4653,4,76,3
4654,4654,5,63,4
4655,4655,6,51,3
4656,4656,7,96,4
4659,4659,10,96,4
4661,4661,2,60,4
4663,4663,4,51,1
4664,4664,5,11,3
4666,4666,7,58,3
4668,4668,9,79,4
4669,4669,10,93,4
4670,4670,1,71,2
4671,4671,2,34,3
4674,4674,5,44,2
4676,4676,7,36,1
4678,4678,9,73,4
4679,4679,10,77,4
4681,4681,2,93,4
4682,4682,3,38,5
4684,4684,5,83,4
4686,4686,7,88,5
4687,4687,8,19,3
4688,4688,9,89,5
4689,4689,10,16,4
4693,4693,4,76,5
4694,4694,5,32,2
4696,4696,7,82,2
4700,4700,1,89,1
4702,4702,3,36,5
4704,4704,5,95,5
4705,4705,6,82,2
4706,4706,7,81,2
4710,4710,1,17,4
4712,4712,3,30,1
4714,4714,5,43,4
4715,4715,6,66,1
4716,4716,7,39,3
4717,4717,8,89,5
4718,4718,9,26,4
4719,4719,10,92,2
4726,4726,7,47,5
4728,4728,9,54,2
4730,4730,1,29,3
4731,4731,2,46,3
4733,4733,4,81,3
4734,4734,5,44,1
4735,4735,6,87,1
4736,4736,7,79,3
4738,4738,9,18,2
4743,4743,4,23,4
4746,4746,7,57,1
4748,4748,9,34,2
4749,4749,10,76,4
4750,4750,1,88,5
4751,4751,2,68,4
4754,4754,5,23,4
4755,4755,6,37,3
4757,4757,8,74,4
4758,4758,9,72,2
4762,4762,3,49,3
4768,4768,9,26,2
4769,4769,10,96,1
4772,4772,3,60,5
4773,4773,4,82,2
4774,4774,5,44,4
4777,4777,8,74,5
4779,4779,10,52,1
4781,4781,2,62,1
4782,4782,3,97,4
4783,4783,4,28,4
4784,4784,5,20,5
4788,4788,9,94,5
4789,4789,10,44,2
4790,4790,1,46,5
4792,4792,3,88,4
4794,4794,5,68,3
4795,4795,6,60,4
4798,4798,9,23,5
4802,4802,3,74,5
4803,4803,4,32,2
4808,4808,9,51,1
4810,4810,1,65,4
4811,4811,2,38,1
4817,4817,8,11,4
4821,4821,2,28,1
4822,4822,3,44,4
4823,4823,4,18,4
4824,4824,5,50,5
4826,4826,7,89,5
4827,4827,8,53,4
4828,4828,9,60,2
4829,4829,10,28,1
4830,4830,1,55,1
